mic0_pos_x,mic0_pos_y,mic0_pos_z,mic1_pos_x,mic1_pos_y,mic1_pos_z,mic2_pos_x,mic2_pos_y,mic2_pos_z,mic3_pos_x,mic3_pos_y,mic3_pos_z,config_id,fs_hz,room_dim_x,room_dim_y,room_dim_z,rt60_target_s,is_anechoic,source_pos_x,source_pos_y,source_pos_z,array_center_x_config,array_center_y_config,array_center_z_config,array_center_x_actual,array_center_y_actual,array_center_z_actual,array_orientation_axis,actual_dist_src_to_array_center_m,actual_azimuth_src_to_array_center_deg,angle_deg,actual_elevation_src_to_array_center_deg,num_mics_configured,num_mics_processed,mic_separation_m,rir_file_basename,azimuth_deg,elevation_deg,snr_db,tdoa_method,mic_pair,tdoa_method_for_avg_doa,doa_array_estimated_deg,doa_array_real_deg,doa_array_error_deg,doa_estimated_from_pair_deg,tdoa_val,d_pair,real_tdoa,doa_real_deg
2.35,2.5,2.5,2.45,2.5,2.5,2.55,2.5,2.5,2.65,2.5,2.5,room10x10x10_rt60_0.01_mics_4_az_0_el_0,48000,10.0,10.0,10.0,0.01,,4.5,2.5,2.5,2.5,2.5,2.5,2.5,2.5,2.5,x,2.0,0.0,180,0.0,4,4,0.1,rir_room10x10x10_rt60_0.01_mics_4_az_0_el_0,180,,90,,array_avg_adj_pairs,cc,0.0,0.0,0.0,,,,,
2.35,2.5,2.5,2.45,2.5,2.5,2.55,2.5,2.5,2.65,2.5,2.5,room10x10x10_rt60_0.01_mics_4_az_0_el_0,48000,10.0,10.0,10.0,0.01,,4.5,2.5,2.5,2.5,2.5,2.5,2.5,2.5,2.5,x,2.0,0.0,180,0.0,4,4,0.1,rir_room10x10x10_rt60_0.01_mics_4_az_0_el_0,180,,90,,array_avg_adj_pairs,phat,180.0,0.0,180.0,,,,,
2.35,2.5,2.5,2.45,2.5,2.5,2.55,2.5,2.5,2.65,2.5,2.5,room10x10x10_rt60_0.01_mics_4_az_0_el_0,48000,10.0,10.0,10.0,0.01,,4.5,2.5,2.5,2.5,2.5,2.5,2.5,2.5,2.5,x,2.0,0.0,180,0.0,4,4,0.1,rir_room10x10x10_rt60_0.01_mics_4_az_0_el_0,180,,90,,array_avg_adj_pairs,scot,180.0,0.0,180.0,,,,,
2.35,2.5,2.5,2.45,2.5,2.5,2.55,2.5,2.5,2.65,2.5,2.5,room10x10x10_rt60_0.01_mics_4_az_0_el_0,48000,10.0,10.0,10.0,0.01,,4.5,2.5,2.5,2.5,2.5,2.5,2.5,2.5,2.5,x,2.0,0.0,180,0.0,4,4,0.1,rir_room10x10x10_rt60_0.01_mics_4_az_0_el_0,180,,90,,array_avg_adj_pairs,ml,180.0,0.0,180.0,,,,,
2.35,2.5,2.5,2.45,2.5,2.5,2.55,2.5,2.5,2.65,2.5,2.5,room10x10x10_rt60_0.01_mics_4_az_0_el_0,48000,10.0,10.0,10.0,0.01,,4.5,2.5,2.5,2.5,2.5,2.5,2.5,2.5,2.5,x,2.0,0.0,180,0.0,4,4,0.1,rir_room10x10x10_rt60_0.01_mics_4_az_0_el_0,180,,90,,array_avg_adj_pairs,roth,180.0,0.0,180.0,,,,,
2.35,2.5,2.5,2.45,2.5,2.5,2.55,2.5,2.5,2.65,2.5,2.5,room10x10x10_rt60_0.01_mics_4_az_45_el_0,48000,10.0,10.0,10.0,0.01,,3.914213562373095,3.914213562373095,2.5,2.5,2.5,2.5,2.5,2.5,2.5,x,2.0,45.0,180,0.0,4,4,0.1,rir_room10x10x10_rt60_0.01_mics_4_az_45_el_0,180,,90,,array_avg_adj_pairs,cc,44.39093778146574,45.0,-0.6090622185342625,,,,,
2.35,2.5,2.5,2.45,2.5,2.5,2.55,2.5,2.5,2.65,2.5,2.5,room10x10x10_rt60_0.01_mics_4_az_45_el_0,48000,10.0,10.0,10.0,0.01,,3.914213562373095,3.914213562373095,2.5,2.5,2.5,2.5,2.5,2.5,2.5,x,2.0,45.0,180,0.0,4,4,0.1,rir_room10x10x10_rt60_0.01_mics_4_az_45_el_0,180,,90,,array_avg_adj_pairs,phat,180.0,45.0,135.0,,,,,
2.35,2.5,2.5,2.45,2.5,2.5,2.55,2.5,2.5,2.65,2.5,2.5,room10x10x10_rt60_0.01_mics_4_az_45_el_0,48000,10.0,10.0,10.0,0.01,,3.914213562373095,3.914213562373095,2.5,2.5,2.5,2.5,2.5,2.5,2.5,x,2.0,45.0,180,0.0,4,4,0.1,rir_room10x10x10_rt60_0.01_mics_4_az_45_el_0,180,,90,,array_avg_adj_pairs,scot,180.0,45.0,135.0,,,,,
2.35,2.5,2.5,2.45,2.5,2.5,2.55,2.5,2.5,2.65,2.5,2.5,room10x10x10_rt60_0.01_mics_4_az_45_el_0,48000,10.0,10.0,10.0,0.01,,3.914213562373095,3.914213562373095,2.5,2.5,2.5,2.5,2.5,2.5,2.5,x,2.0,45.0,180,0.0,4,4,0.1,rir_room10x10x10_rt60_0.01_mics_4_az_45_el_0,180,,90,,array_avg_adj_pairs,ml,180.0,45.0,135.0,,,,,
2.35,2.5,2.5,2.45,2.5,2.5,2.55,2.5,2.5,2.65,2.5,2.5,room10x10x10_rt60_0.01_mics_4_az_45_el_0,48000,10.0,10.0,10.0,0.01,,3.914213562373095,3.914213562373095,2.5,2.5,2.5,2.5,2.5,2.5,2.5,x,2.0,45.0,180,0.0,4,4,0.1,rir_room10x10x10_rt60_0.01_mics_4_az_45_el_0,180,,90,,array_avg_adj_pairs,roth,180.0,45.0,135.0,,,,,
2.35,2.5,2.5,2.45,2.5,2.5,2.55,2.5,2.5,2.65,2.5,2.5,room10x10x10_rt60_0.01_mics_4_az_90_el_0,48000,10.0,10.0,10.0,0.01,,2.5,4.5,2.5,2.5,2.5,2.5,2.5,2.5,2.5,x,2.0,90.0,180,0.0,4,4,0.1,rir_room10x10x10_rt60_0.01_mics_4_az_90_el_0,180,,90,,array_avg_adj_pairs,cc,90.0,90.0,0.0,,,,,
2.35,2.5,2.5,2.45,2.5,2.5,2.55,2.5,2.5,2.65,2.5,2.5,room10x10x10_rt60_0.01_mics_4_az_90_el_0,48000,10.0,10.0,10.0,0.01,,2.5,4.5,2.5,2.5,2.5,2.5,2.5,2.5,2.5,x,2.0,90.0,180,0.0,4,4,0.1,rir_room10x10x10_rt60_0.01_mics_4_az_90_el_0,180,,90,,array_avg_adj_pairs,phat,120.0,90.0,30.0,,,,,
2.35,2.5,2.5,2.45,2.5,2.5,2.55,2.5,2.5,2.65,2.5,2.5,room10x10x10_rt60_0.01_mics_4_az_90_el_0,48000,10.0,10.0,10.0,0.01,,2.5,4.5,2.5,2.5,2.5,2.5,2.5,2.5,2.5,x,2.0,90.0,180,0.0,4,4,0.1,rir_room10x10x10_rt60_0.01_mics_4_az_90_el_0,180,,90,,array_avg_adj_pairs,scot,120.0,90.0,30.0,,,,,
2.35,2.5,2.5,2.45,2.5,2.5,2.55,2.5,2.5,2.65,2.5,2.5,room10x10x10_rt60_0.01_mics_4_az_90_el_0,48000,10.0,10.0,10.0,0.01,,2.5,4.5,2.5,2.5,2.5,2.5,2.5,2.5,2.5,x,2.0,90.0,180,0.0,4,4,0.1,rir_room10x10x10_rt60_0.01_mics_4_az_90_el_0,180,,90,,array_avg_adj_pairs,ml,120.0,90.0,30.0,,,,,
2.35,2.5,2.5,2.45,2.5,2.5,2.55,2.5,2.5,2.65,2.5,2.5,room10x10x10_rt60_0.01_mics_4_az_90_el_0,48000,10.0,10.0,10.0,0.01,,2.5,4.5,2.5,2.5,2.5,2.5,2.5,2.5,2.5,x,2.0,90.0,180,0.0,4,4,0.1,rir_room10x10x10_rt60_0.01_mics_4_az_90_el_0,180,,90,,array_avg_adj_pairs,roth,120.0,90.0,30.0,,,,,
2.35,2.5,2.5,2.45,2.5,2.5,2.55,2.5,2.5,2.65,2.5,2.5,room10x10x10_rt60_0.01_mics_4_az_135_el_0,48000,10.0,10.0,10.0,0.01,,1.085786437626905,3.914213562373095,2.5,2.5,2.5,2.5,2.5,2.5,2.5,x,2.0,135.0,180,0.0,4,4,0.1,rir_room10x10x10_rt60_0.01_mics_4_az_135_el_0,180,,90,,array_avg_adj_pairs,cc,135.6090622185343,135.0,0.6090622185342909,,,,,
2.35,2.5,2.5,2.45,2.5,2.5,2.55,2.5,2.5,2.65,2.5,2.5,room10x10x10_rt60_0.01_mics_4_az_135_el_0,48000,10.0,10.0,10.0,0.01,,1.085786437626905,3.914213562373095,2.5,2.5,2.5,2.5,2.5,2.5,2.5,x,2.0,135.0,180,0.0,4,4,0.1,rir_room10x10x10_rt60_0.01_mics_4_az_135_el_0,180,,90,,array_avg_adj_pairs,phat,0.0,135.0,-135.0,,,,,
2.35,2.5,2.5,2.45,2.5,2.5,2.55,2.5,2.5,2.65,2.5,2.5,room10x10x10_rt60_0.01_mics_4_az_135_el_0,48000,10.0,10.0,10.0,0.01,,1.085786437626905,3.914213562373095,2.5,2.5,2.5,2.5,2.5,2.5,2.5,x,2.0,135.0,180,0.0,4,4,0.1,rir_room10x10x10_rt60_0.01_mics_4_az_135_el_0,180,,90,,array_avg_adj_pairs,scot,0.0,135.0,-135.0,,,,,
2.35,2.5,2.5,2.45,2.5,2.5,2.55,2.5,2.5,2.65,2.5,2.5,room10x10x10_rt60_0.01_mics_4_az_135_el_0,48000,10.0,10.0,10.0,0.01,,1.085786437626905,3.914213562373095,2.5,2.5,2.5,2.5,2.5,2.5,2.5,x,2.0,135.0,180,0.0,4,4,0.1,rir_room10x10x10_rt60_0.01_mics_4_az_135_el_0,180,,90,,array_avg_adj_pairs,ml,0.0,135.0,-135.0,,,,,
2.35,2.5,2.5,2.45,2.5,2.5,2.55,2.5,2.5,2.65,2.5,2.5,room10x10x10_rt60_0.01_mics_4_az_135_el_0,48000,10.0,10.0,10.0,0.01,,1.085786437626905,3.914213562373095,2.5,2.5,2.5,2.5,2.5,2.5,2.5,x,2.0,135.0,180,0.0,4,4,0.1,rir_room10x10x10_rt60_0.01_mics_4_az_135_el_0,180,,90,,array_avg_adj_pairs,roth,0.0,135.0,-135.0,,,,,
2.35,2.5,2.5,2.45,2.5,2.5,2.55,2.5,2.5,2.65,2.5,2.5,room10x10x10_rt60_0.01_mics_4_az_180_el_0,48000,10.0,10.0,10.0,0.01,,0.5,2.5000000000000004,2.5,2.5,2.5,2.5,2.5,2.5,2.5,x,2.0,180.0,180,0.0,4,4,0.1,rir_room10x10x10_rt60_0.01_mics_4_az_180_el_0,180,,90,,array_avg_adj_pairs,cc,180.0,180.0,0.0,,,,,
2.35,2.5,2.5,2.45,2.5,2.5,2.55,2.5,2.5,2.65,2.5,2.5,room10x10x10_rt60_0.01_mics_4_az_180_el_0,48000,10.0,10.0,10.0,0.01,,0.5,2.5000000000000004,2.5,2.5,2.5,2.5,2.5,2.5,2.5,x,2.0,180.0,180,0.0,4,4,0.1,rir_room10x10x10_rt60_0.01_mics_4_az_180_el_0,180,,90,,array_avg_adj_pairs,phat,0.0,180.0,-180.0,,,,,
2.35,2.5,2.5,2.45,2.5,2.5,2.55,2.5,2.5,2.65,2.5,2.5,room10x10x10_rt60_0.01_mics_4_az_180_el_0,48000,10.0,10.0,10.0,0.01,,0.5,2.5000000000000004,2.5,2.5,2.5,2.5,2.5,2.5,2.5,x,2.0,180.0,180,0.0,4,4,0.1,rir_room10x10x10_rt60_0.01_mics_4_az_180_el_0,180,,90,,array_avg_adj_pairs,scot,0.0,180.0,-180.0,,,,,
2.35,2.5,2.5,2.45,2.5,2.5,2.55,2.5,2.5,2.65,2.5,2.5,room10x10x10_rt60_0.01_mics_4_az_180_el_0,48000,10.0,10.0,10.0,0.01,,0.5,2.5000000000000004,2.5,2.5,2.5,2.5,2.5,2.5,2.5,x,2.0,180.0,180,0.0,4,4,0.1,rir_room10x10x10_rt60_0.01_mics_4_az_180_el_0,180,,90,,array_avg_adj_pairs,ml,0.0,180.0,-180.0,,,,,
2.35,2.5,2.5,2.45,2.5,2.5,2.55,2.5,2.5,2.65,2.5,2.5,room10x10x10_rt60_0.01_mics_4_az_180_el_0,48000,10.0,10.0,10.0,0.01,,0.5,2.5000000000000004,2.5,2.5,2.5,2.5,2.5,2.5,2.5,x,2.0,180.0,180,0.0,4,4,0.1,rir_room10x10x10_rt60_0.01_mics_4_az_180_el_0,180,,90,,array_avg_adj_pairs,roth,0.0,180.0,-180.0,,,,,
2.35,2.5,2.5,2.45,2.5,2.5,2.55,2.5,2.5,2.65,2.5,2.5,room10x10x10_rt60_0.05_mics_4_az_0_el_0,48000,10.0,10.0,10.0,0.05,,4.5,2.5,2.5,2.5,2.5,2.5,2.5,2.5,2.5,x,2.0,0.0,180,0.0,4,4,0.1,rir_room10x10x10_rt60_0.05_mics_4_az_0_el_0,180,,90,,array_avg_adj_pairs,cc,0.0,0.0,0.0,,,,,
2.35,2.5,2.5,2.45,2.5,2.5,2.55,2.5,2.5,2.65,2.5,2.5,room10x10x10_rt60_0.05_mics_4_az_0_el_0,48000,10.0,10.0,10.0,0.05,,4.5,2.5,2.5,2.5,2.5,2.5,2.5,2.5,2.5,x,2.0,0.0,180,0.0,4,4,0.1,rir_room10x10x10_rt60_0.05_mics_4_az_0_el_0,180,,90,,array_avg_adj_pairs,phat,180.0,0.0,180.0,,,,,
2.35,2.5,2.5,2.45,2.5,2.5,2.55,2.5,2.5,2.65,2.5,2.5,room10x10x10_rt60_0.05_mics_4_az_0_el_0,48000,10.0,10.0,10.0,0.05,,4.5,2.5,2.5,2.5,2.5,2.5,2.5,2.5,2.5,x,2.0,0.0,180,0.0,4,4,0.1,rir_room10x10x10_rt60_0.05_mics_4_az_0_el_0,180,,90,,array_avg_adj_pairs,scot,180.0,0.0,180.0,,,,,
2.35,2.5,2.5,2.45,2.5,2.5,2.55,2.5,2.5,2.65,2.5,2.5,room10x10x10_rt60_0.05_mics_4_az_0_el_0,48000,10.0,10.0,10.0,0.05,,4.5,2.5,2.5,2.5,2.5,2.5,2.5,2.5,2.5,x,2.0,0.0,180,0.0,4,4,0.1,rir_room10x10x10_rt60_0.05_mics_4_az_0_el_0,180,,90,,array_avg_adj_pairs,ml,180.0,0.0,180.0,,,,,
2.35,2.5,2.5,2.45,2.5,2.5,2.55,2.5,2.5,2.65,2.5,2.5,room10x10x10_rt60_0.05_mics_4_az_0_el_0,48000,10.0,10.0,10.0,0.05,,4.5,2.5,2.5,2.5,2.5,2.5,2.5,2.5,2.5,x,2.0,0.0,180,0.0,4,4,0.1,rir_room10x10x10_rt60_0.05_mics_4_az_0_el_0,180,,90,,array_avg_adj_pairs,roth,180.0,0.0,180.0,,,,,
2.35,2.5,2.5,2.45,2.5,2.5,2.55,2.5,2.5,2.65,2.5,2.5,room10x10x10_rt60_0.05_mics_4_az_45_el_0,48000,10.0,10.0,10.0,0.05,,3.914213562373095,3.914213562373095,2.5,2.5,2.5,2.5,2.5,2.5,2.5,x,2.0,45.0,180,0.0,4,4,0.1,rir_room10x10x10_rt60_0.05_mics_4_az_45_el_0,180,,90,,array_avg_adj_pairs,cc,44.39093778146574,45.0,-0.6090622185342625,,,,,
2.35,2.5,2.5,2.45,2.5,2.5,2.55,2.5,2.5,2.65,2.5,2.5,room10x10x10_rt60_0.05_mics_4_az_45_el_0,48000,10.0,10.0,10.0,0.05,,3.914213562373095,3.914213562373095,2.5,2.5,2.5,2.5,2.5,2.5,2.5,x,2.0,45.0,180,0.0,4,4,0.1,rir_room10x10x10_rt60_0.05_mics_4_az_45_el_0,180,,90,,array_avg_adj_pairs,phat,180.0,45.0,135.0,,,,,
2.35,2.5,2.5,2.45,2.5,2.5,2.55,2.5,2.5,2.65,2.5,2.5,room10x10x10_rt60_0.05_mics_4_az_45_el_0,48000,10.0,10.0,10.0,0.05,,3.914213562373095,3.914213562373095,2.5,2.5,2.5,2.5,2.5,2.5,2.5,x,2.0,45.0,180,0.0,4,4,0.1,rir_room10x10x10_rt60_0.05_mics_4_az_45_el_0,180,,90,,array_avg_adj_pairs,scot,180.0,45.0,135.0,,,,,
2.35,2.5,2.5,2.45,2.5,2.5,2.55,2.5,2.5,2.65,2.5,2.5,room10x10x10_rt60_0.05_mics_4_az_45_el_0,48000,10.0,10.0,10.0,0.05,,3.914213562373095,3.914213562373095,2.5,2.5,2.5,2.5,2.5,2.5,2.5,x,2.0,45.0,180,0.0,4,4,0.1,rir_room10x10x10_rt60_0.05_mics_4_az_45_el_0,180,,90,,array_avg_adj_pairs,ml,180.0,45.0,135.0,,,,,
2.35,2.5,2.5,2.45,2.5,2.5,2.55,2.5,2.5,2.65,2.5,2.5,room10x10x10_rt60_0.05_mics_4_az_45_el_0,48000,10.0,10.0,10.0,0.05,,3.914213562373095,3.914213562373095,2.5,2.5,2.5,2.5,2.5,2.5,2.5,x,2.0,45.0,180,0.0,4,4,0.1,rir_room10x10x10_rt60_0.05_mics_4_az_45_el_0,180,,90,,array_avg_adj_pairs,roth,180.0,45.0,135.0,,,,,
2.35,2.5,2.5,2.45,2.5,2.5,2.55,2.5,2.5,2.65,2.5,2.5,room10x10x10_rt60_0.05_mics_4_az_90_el_0,48000,10.0,10.0,10.0,0.05,,2.5,4.5,2.5,2.5,2.5,2.5,2.5,2.5,2.5,x,2.0,90.0,180,0.0,4,4,0.1,rir_room10x10x10_rt60_0.05_mics_4_az_90_el_0,180,,90,,array_avg_adj_pairs,cc,90.0,90.0,0.0,,,,,
2.35,2.5,2.5,2.45,2.5,2.5,2.55,2.5,2.5,2.65,2.5,2.5,room10x10x10_rt60_0.05_mics_4_az_90_el_0,48000,10.0,10.0,10.0,0.05,,2.5,4.5,2.5,2.5,2.5,2.5,2.5,2.5,2.5,x,2.0,90.0,180,0.0,4,4,0.1,rir_room10x10x10_rt60_0.05_mics_4_az_90_el_0,180,,90,,array_avg_adj_pairs,phat,120.0,90.0,30.0,,,,,
2.35,2.5,2.5,2.45,2.5,2.5,2.55,2.5,2.5,2.65,2.5,2.5,room10x10x10_rt60_0.05_mics_4_az_90_el_0,48000,10.0,10.0,10.0,0.05,,2.5,4.5,2.5,2.5,2.5,2.5,2.5,2.5,2.5,x,2.0,90.0,180,0.0,4,4,0.1,rir_room10x10x10_rt60_0.05_mics_4_az_90_el_0,180,,90,,array_avg_adj_pairs,scot,120.0,90.0,30.0,,,,,
2.35,2.5,2.5,2.45,2.5,2.5,2.55,2.5,2.5,2.65,2.5,2.5,room10x10x10_rt60_0.05_mics_4_az_90_el_0,48000,10.0,10.0,10.0,0.05,,2.5,4.5,2.5,2.5,2.5,2.5,2.5,2.5,2.5,x,2.0,90.0,180,0.0,4,4,0.1,rir_room10x10x10_rt60_0.05_mics_4_az_90_el_0,180,,90,,array_avg_adj_pairs,ml,120.0,90.0,30.0,,,,,
2.35,2.5,2.5,2.45,2.5,2.5,2.55,2.5,2.5,2.65,2.5,2.5,room10x10x10_rt60_0.05_mics_4_az_90_el_0,48000,10.0,10.0,10.0,0.05,,2.5,4.5,2.5,2.5,2.5,2.5,2.5,2.5,2.5,x,2.0,90.0,180,0.0,4,4,0.1,rir_room10x10x10_rt60_0.05_mics_4_az_90_el_0,180,,90,,array_avg_adj_pairs,roth,120.0,90.0,30.0,,,,,
2.35,2.5,2.5,2.45,2.5,2.5,2.55,2.5,2.5,2.65,2.5,2.5,room10x10x10_rt60_0.05_mics_4_az_135_el_0,48000,10.0,10.0,10.0,0.05,,1.085786437626905,3.914213562373095,2.5,2.5,2.5,2.5,2.5,2.5,2.5,x,2.0,135.0,180,0.0,4,4,0.1,rir_room10x10x10_rt60_0.05_mics_4_az_135_el_0,180,,90,,array_avg_adj_pairs,cc,135.6090622185343,135.0,0.6090622185342909,,,,,
2.35,2.5,2.5,2.45,2.5,2.5,2.55,2.5,2.5,2.65,2.5,2.5,room10x10x10_rt60_0.05_mics_4_az_135_el_0,48000,10.0,10.0,10.0,0.05,,1.085786437626905,3.914213562373095,2.5,2.5,2.5,2.5,2.5,2.5,2.5,x,2.0,135.0,180,0.0,4,4,0.1,rir_room10x10x10_rt60_0.05_mics_4_az_135_el_0,180,,90,,array_avg_adj_pairs,phat,0.0,135.0,-135.0,,,,,
2.35,2.5,2.5,2.45,2.5,2.5,2.55,2.5,2.5,2.65,2.5,2.5,room10x10x10_rt60_0.05_mics_4_az_135_el_0,48000,10.0,10.0,10.0,0.05,,1.085786437626905,3.914213562373095,2.5,2.5,2.5,2.5,2.5,2.5,2.5,x,2.0,135.0,180,0.0,4,4,0.1,rir_room10x10x10_rt60_0.05_mics_4_az_135_el_0,180,,90,,array_avg_adj_pairs,scot,0.0,135.0,-135.0,,,,,
2.35,2.5,2.5,2.45,2.5,2.5,2.55,2.5,2.5,2.65,2.5,2.5,room10x10x10_rt60_0.05_mics_4_az_135_el_0,48000,10.0,10.0,10.0,0.05,,1.085786437626905,3.914213562373095,2.5,2.5,2.5,2.5,2.5,2.5,2.5,x,2.0,135.0,180,0.0,4,4,0.1,rir_room10x10x10_rt60_0.05_mics_4_az_135_el_0,180,,90,,array_avg_adj_pairs,ml,0.0,135.0,-135.0,,,,,
2.35,2.5,2.5,2.45,2.5,2.5,2.55,2.5,2.5,2.65,2.5,2.5,room10x10x10_rt60_0.05_mics_4_az_135_el_0,48000,10.0,10.0,10.0,0.05,,1.085786437626905,3.914213562373095,2.5,2.5,2.5,2.5,2.5,2.5,2.5,x,2.0,135.0,180,0.0,4,4,0.1,rir_room10x10x10_rt60_0.05_mics_4_az_135_el_0,180,,90,,array_avg_adj_pairs,roth,0.0,135.0,-135.0,,,,,
2.35,2.5,2.5,2.45,2.5,2.5,2.55,2.5,2.5,2.65,2.5,2.5,room10x10x10_rt60_0.05_mics_4_az_180_el_0,48000,10.0,10.0,10.0,0.05,,0.5,2.5000000000000004,2.5,2.5,2.5,2.5,2.5,2.5,2.5,x,2.0,180.0,180,0.0,4,4,0.1,rir_room10x10x10_rt60_0.05_mics_4_az_180_el_0,180,,90,,array_avg_adj_pairs,cc,180.0,180.0,0.0,,,,,
2.35,2.5,2.5,2.45,2.5,2.5,2.55,2.5,2.5,2.65,2.5,2.5,room10x10x10_rt60_0.05_mics_4_az_180_el_0,48000,10.0,10.0,10.0,0.05,,0.5,2.5000000000000004,2.5,2.5,2.5,2.5,2.5,2.5,2.5,x,2.0,180.0,180,0.0,4,4,0.1,rir_room10x10x10_rt60_0.05_mics_4_az_180_el_0,180,,90,,array_avg_adj_pairs,phat,0.0,180.0,-180.0,,,,,
2.35,2.5,2.5,2.45,2.5,2.5,2.55,2.5,2.5,2.65,2.5,2.5,room10x10x10_rt60_0.05_mics_4_az_180_el_0,48000,10.0,10.0,10.0,0.05,,0.5,2.5000000000000004,2.5,2.5,2.5,2.5,2.5,2.5,2.5,x,2.0,180.0,180,0.0,4,4,0.1,rir_room10x10x10_rt60_0.05_mics_4_az_180_el_0,180,,90,,array_avg_adj_pairs,scot,0.0,180.0,-180.0,,,,,
2.35,2.5,2.5,2.45,2.5,2.5,2.55,2.5,2.5,2.65,2.5,2.5,room10x10x10_rt60_0.05_mics_4_az_180_el_0,48000,10.0,10.0,10.0,0.05,,0.5,2.5000000000000004,2.5,2.5,2.5,2.5,2.5,2.5,2.5,x,2.0,180.0,180,0.0,4,4,0.1,rir_room10x10x10_rt60_0.05_mics_4_az_180_el_0,180,,90,,array_avg_adj_pairs,ml,0.0,180.0,-180.0,,,,,
2.35,2.5,2.5,2.45,2.5,2.5,2.55,2.5,2.5,2.65,2.5,2.5,room10x10x10_rt60_0.05_mics_4_az_180_el_0,48000,10.0,10.0,10.0,0.05,,0.5,2.5000000000000004,2.5,2.5,2.5,2.5,2.5,2.5,2.5,x,2.0,180.0,180,0.0,4,4,0.1,rir_room10x10x10_rt60_0.05_mics_4_az_180_el_0,180,,90,,array_avg_adj_pairs,roth,0.0,180.0,-180.0,,,,,
2.35,2.5,2.5,2.45,2.5,2.5,2.55,2.5,2.5,2.65,2.5,2.5,room10x10x10_rt60_0.3_mics_4_az_0_el_0,48000,10.0,10.0,10.0,0.3,,4.5,2.5,2.5,2.5,2.5,2.5,2.5,2.5,2.5,x,2.0,0.0,180,0.0,4,4,0.1,rir_room10x10x10_rt60_0.3_mics_4_az_0_el_0,180,,90,,array_avg_adj_pairs,cc,0.0,0.0,0.0,,,,,
2.35,2.5,2.5,2.45,2.5,2.5,2.55,2.5,2.5,2.65,2.5,2.5,room10x10x10_rt60_0.3_mics_4_az_0_el_0,48000,10.0,10.0,10.0,0.3,,4.5,2.5,2.5,2.5,2.5,2.5,2.5,2.5,2.5,x,2.0,0.0,180,0.0,4,4,0.1,rir_room10x10x10_rt60_0.3_mics_4_az_0_el_0,180,,90,,array_avg_adj_pairs,phat,180.0,0.0,180.0,,,,,
2.35,2.5,2.5,2.45,2.5,2.5,2.55,2.5,2.5,2.65,2.5,2.5,room10x10x10_rt60_0.3_mics_4_az_0_el_0,48000,10.0,10.0,10.0,0.3,,4.5,2.5,2.5,2.5,2.5,2.5,2.5,2.5,2.5,x,2.0,0.0,180,0.0,4,4,0.1,rir_room10x10x10_rt60_0.3_mics_4_az_0_el_0,180,,90,,array_avg_adj_pairs,scot,180.0,0.0,180.0,,,,,
2.35,2.5,2.5,2.45,2.5,2.5,2.55,2.5,2.5,2.65,2.5,2.5,room10x10x10_rt60_0.3_mics_4_az_0_el_0,48000,10.0,10.0,10.0,0.3,,4.5,2.5,2.5,2.5,2.5,2.5,2.5,2.5,2.5,x,2.0,0.0,180,0.0,4,4,0.1,rir_room10x10x10_rt60_0.3_mics_4_az_0_el_0,180,,90,,array_avg_adj_pairs,ml,180.0,0.0,180.0,,,,,
2.35,2.5,2.5,2.45,2.5,2.5,2.55,2.5,2.5,2.65,2.5,2.5,room10x10x10_rt60_0.3_mics_4_az_0_el_0,48000,10.0,10.0,10.0,0.3,,4.5,2.5,2.5,2.5,2.5,2.5,2.5,2.5,2.5,x,2.0,0.0,180,0.0,4,4,0.1,rir_room10x10x10_rt60_0.3_mics_4_az_0_el_0,180,,90,,array_avg_adj_pairs,roth,180.0,0.0,180.0,,,,,
2.35,2.5,2.5,2.45,2.5,2.5,2.55,2.5,2.5,2.65,2.5,2.5,room10x10x10_rt60_0.3_mics_4_az_45_el_0,48000,10.0,10.0,10.0,0.3,,3.914213562373095,3.914213562373095,2.5,2.5,2.5,2.5,2.5,2.5,2.5,x,2.0,45.0,180,0.0,4,4,0.1,rir_room10x10x10_rt60_0.3_mics_4_az_45_el_0,180,,90,,array_avg_adj_pairs,cc,46.25221200518909,45.0,1.2522120051890866,,,,,
2.35,2.5,2.5,2.45,2.5,2.5,2.55,2.5,2.5,2.65,2.5,2.5,room10x10x10_rt60_0.3_mics_4_az_45_el_0,48000,10.0,10.0,10.0,0.3,,3.914213562373095,3.914213562373095,2.5,2.5,2.5,2.5,2.5,2.5,2.5,x,2.0,45.0,180,0.0,4,4,0.1,rir_room10x10x10_rt60_0.3_mics_4_az_45_el_0,180,,90,,array_avg_adj_pairs,phat,180.0,45.0,135.0,,,,,
2.35,2.5,2.5,2.45,2.5,2.5,2.55,2.5,2.5,2.65,2.5,2.5,room10x10x10_rt60_0.3_mics_4_az_45_el_0,48000,10.0,10.0,10.0,0.3,,3.914213562373095,3.914213562373095,2.5,2.5,2.5,2.5,2.5,2.5,2.5,x,2.0,45.0,180,0.0,4,4,0.1,rir_room10x10x10_rt60_0.3_mics_4_az_45_el_0,180,,90,,array_avg_adj_pairs,scot,180.0,45.0,135.0,,,,,
2.35,2.5,2.5,2.45,2.5,2.5,2.55,2.5,2.5,2.65,2.5,2.5,room10x10x10_rt60_0.3_mics_4_az_45_el_0,48000,10.0,10.0,10.0,0.3,,3.914213562373095,3.914213562373095,2.5,2.5,2.5,2.5,2.5,2.5,2.5,x,2.0,45.0,180,0.0,4,4,0.1,rir_room10x10x10_rt60_0.3_mics_4_az_45_el_0,180,,90,,array_avg_adj_pairs,ml,180.0,45.0,135.0,,,,,
2.35,2.5,2.5,2.45,2.5,2.5,2.55,2.5,2.5,2.65,2.5,2.5,room10x10x10_rt60_0.3_mics_4_az_45_el_0,48000,10.0,10.0,10.0,0.3,,3.914213562373095,3.914213562373095,2.5,2.5,2.5,2.5,2.5,2.5,2.5,x,2.0,45.0,180,0.0,4,4,0.1,rir_room10x10x10_rt60_0.3_mics_4_az_45_el_0,180,,90,,array_avg_adj_pairs,roth,180.0,45.0,135.0,,,,,
2.35,2.5,2.5,2.45,2.5,2.5,2.55,2.5,2.5,2.65,2.5,2.5,room10x10x10_rt60_0.3_mics_4_az_90_el_0,48000,10.0,10.0,10.0,0.3,,2.5,4.5,2.5,2.5,2.5,2.5,2.5,2.5,2.5,x,2.0,90.0,180,0.0,4,4,0.1,rir_room10x10x10_rt60_0.3_mics_4_az_90_el_0,180,,90,,array_avg_adj_pairs,cc,90.0,90.0,0.0,,,,,
2.35,2.5,2.5,2.45,2.5,2.5,2.55,2.5,2.5,2.65,2.5,2.5,room10x10x10_rt60_0.3_mics_4_az_90_el_0,48000,10.0,10.0,10.0,0.3,,2.5,4.5,2.5,2.5,2.5,2.5,2.5,2.5,2.5,x,2.0,90.0,180,0.0,4,4,0.1,rir_room10x10x10_rt60_0.3_mics_4_az_90_el_0,180,,90,,array_avg_adj_pairs,phat,120.0,90.0,30.0,,,,,
2.35,2.5,2.5,2.45,2.5,2.5,2.55,2.5,2.5,2.65,2.5,2.5,room10x10x10_rt60_0.3_mics_4_az_90_el_0,48000,10.0,10.0,10.0,0.3,,2.5,4.5,2.5,2.5,2.5,2.5,2.5,2.5,2.5,x,2.0,90.0,180,0.0,4,4,0.1,rir_room10x10x10_rt60_0.3_mics_4_az_90_el_0,180,,90,,array_avg_adj_pairs,scot,120.0,90.0,30.0,,,,,
2.35,2.5,2.5,2.45,2.5,2.5,2.55,2.5,2.5,2.65,2.5,2.5,room10x10x10_rt60_0.3_mics_4_az_90_el_0,48000,10.0,10.0,10.0,0.3,,2.5,4.5,2.5,2.5,2.5,2.5,2.5,2.5,2.5,x,2.0,90.0,180,0.0,4,4,0.1,rir_room10x10x10_rt60_0.3_mics_4_az_90_el_0,180,,90,,array_avg_adj_pairs,ml,120.0,90.0,30.0,,,,,
2.35,2.5,2.5,2.45,2.5,2.5,2.55,2.5,2.5,2.65,2.5,2.5,room10x10x10_rt60_0.3_mics_4_az_90_el_0,48000,10.0,10.0,10.0,0.3,,2.5,4.5,2.5,2.5,2.5,2.5,2.5,2.5,2.5,x,2.0,90.0,180,0.0,4,4,0.1,rir_room10x10x10_rt60_0.3_mics_4_az_90_el_0,180,,90,,array_avg_adj_pairs,roth,120.0,90.0,30.0,,,,,
2.35,2.5,2.5,2.45,2.5,2.5,2.55,2.5,2.5,2.65,2.5,2.5,room10x10x10_rt60_0.3_mics_4_az_135_el_0,48000,10.0,10.0,10.0,0.3,,1.085786437626905,3.914213562373095,2.5,2.5,2.5,2.5,2.5,2.5,2.5,x,2.0,135.0,180,0.0,4,4,0.1,rir_room10x10x10_rt60_0.3_mics_4_az_135_el_0,180,,90,,array_avg_adj_pairs,cc,133.74778799481092,135.0,-1.2522120051890795,,,,,
2.35,2.5,2.5,2.45,2.5,2.5,2.55,2.5,2.5,2.65,2.5,2.5,room10x10x10_rt60_0.3_mics_4_az_135_el_0,48000,10.0,10.0,10.0,0.3,,1.085786437626905,3.914213562373095,2.5,2.5,2.5,2.5,2.5,2.5,2.5,x,2.0,135.0,180,0.0,4,4,0.1,rir_room10x10x10_rt60_0.3_mics_4_az_135_el_0,180,,90,,array_avg_adj_pairs,phat,0.0,135.0,-135.0,,,,,
2.35,2.5,2.5,2.45,2.5,2.5,2.55,2.5,2.5,2.65,2.5,2.5,room10x10x10_rt60_0.3_mics_4_az_135_el_0,48000,10.0,10.0,10.0,0.3,,1.085786437626905,3.914213562373095,2.5,2.5,2.5,2.5,2.5,2.5,2.5,x,2.0,135.0,180,0.0,4,4,0.1,rir_room10x10x10_rt60_0.3_mics_4_az_135_el_0,180,,90,,array_avg_adj_pairs,scot,0.0,135.0,-135.0,,,,,
2.35,2.5,2.5,2.45,2.5,2.5,2.55,2.5,2.5,2.65,2.5,2.5,room10x10x10_rt60_0.3_mics_4_az_135_el_0,48000,10.0,10.0,10.0,0.3,,1.085786437626905,3.914213562373095,2.5,2.5,2.5,2.5,2.5,2.5,2.5,x,2.0,135.0,180,0.0,4,4,0.1,rir_room10x10x10_rt60_0.3_mics_4_az_135_el_0,180,,90,,array_avg_adj_pairs,ml,0.0,135.0,-135.0,,,,,
2.35,2.5,2.5,2.45,2.5,2.5,2.55,2.5,2.5,2.65,2.5,2.5,room10x10x10_rt60_0.3_mics_4_az_135_el_0,48000,10.0,10.0,10.0,0.3,,1.085786437626905,3.914213562373095,2.5,2.5,2.5,2.5,2.5,2.5,2.5,x,2.0,135.0,180,0.0,4,4,0.1,rir_room10x10x10_rt60_0.3_mics_4_az_135_el_0,180,,90,,array_avg_adj_pairs,roth,0.0,135.0,-135.0,,,,,
2.35,2.5,2.5,2.45,2.5,2.5,2.55,2.5,2.5,2.65,2.5,2.5,room10x10x10_rt60_0.3_mics_4_az_180_el_0,48000,10.0,10.0,10.0,0.3,,0.5,2.5000000000000004,2.5,2.5,2.5,2.5,2.5,2.5,2.5,x,2.0,180.0,180,0.0,4,4,0.1,rir_room10x10x10_rt60_0.3_mics_4_az_180_el_0,180,,90,,array_avg_adj_pairs,cc,180.0,180.0,0.0,,,,,
2.35,2.5,2.5,2.45,2.5,2.5,2.55,2.5,2.5,2.65,2.5,2.5,room10x10x10_rt60_0.3_mics_4_az_180_el_0,48000,10.0,10.0,10.0,0.3,,0.5,2.5000000000000004,2.5,2.5,2.5,2.5,2.5,2.5,2.5,x,2.0,180.0,180,0.0,4,4,0.1,rir_room10x10x10_rt60_0.3_mics_4_az_180_el_0,180,,90,,array_avg_adj_pairs,phat,0.0,180.0,-180.0,,,,,
2.35,2.5,2.5,2.45,2.5,2.5,2.55,2.5,2.5,2.65,2.5,2.5,room10x10x10_rt60_0.3_mics_4_az_180_el_0,48000,10.0,10.0,10.0,0.3,,0.5,2.5000000000000004,2.5,2.5,2.5,2.5,2.5,2.5,2.5,x,2.0,180.0,180,0.0,4,4,0.1,rir_room10x10x10_rt60_0.3_mics_4_az_180_el_0,180,,90,,array_avg_adj_pairs,scot,0.0,180.0,-180.0,,,,,
2.35,2.5,2.5,2.45,2.5,2.5,2.55,2.5,2.5,2.65,2.5,2.5,room10x10x10_rt60_0.3_mics_4_az_180_el_0,48000,10.0,10.0,10.0,0.3,,0.5,2.5000000000000004,2.5,2.5,2.5,2.5,2.5,2.5,2.5,x,2.0,180.0,180,0.0,4,4,0.1,rir_room10x10x10_rt60_0.3_mics_4_az_180_el_0,180,,90,,array_avg_adj_pairs,ml,0.0,180.0,-180.0,,,,,
2.35,2.5,2.5,2.45,2.5,2.5,2.55,2.5,2.5,2.65,2.5,2.5,room10x10x10_rt60_0.3_mics_4_az_180_el_0,48000,10.0,10.0,10.0,0.3,,0.5,2.5000000000000004,2.5,2.5,2.5,2.5,2.5,2.5,2.5,x,2.0,180.0,180,0.0,4,4,0.1,rir_room10x10x10_rt60_0.3_mics_4_az_180_el_0,180,,90,,array_avg_adj_pairs,roth,0.0,180.0,-180.0,,,,,
2.35,2.5,2.5,2.45,2.5,2.5,2.55,2.5,2.5,2.65,2.5,2.5,room10x10x10_rt60_0.7_mics_4_az_0_el_0,48000,10.0,10.0,10.0,0.7,,4.5,2.5,2.5,2.5,2.5,2.5,2.5,2.5,2.5,x,2.0,0.0,180,0.0,4,4,0.1,rir_room10x10x10_rt60_0.7_mics_4_az_0_el_0,180,,90,,array_avg_adj_pairs,cc,52.615971565064704,0.0,52.615971565064704,,,,,
2.35,2.5,2.5,2.45,2.5,2.5,2.55,2.5,2.5,2.65,2.5,2.5,room10x10x10_rt60_0.7_mics_4_az_0_el_0,48000,10.0,10.0,10.0,0.7,,4.5,2.5,2.5,2.5,2.5,2.5,2.5,2.5,2.5,x,2.0,0.0,180,0.0,4,4,0.1,rir_room10x10x10_rt60_0.7_mics_4_az_0_el_0,180,,90,,array_avg_adj_pairs,phat,180.0,0.0,180.0,,,,,
2.35,2.5,2.5,2.45,2.5,2.5,2.55,2.5,2.5,2.65,2.5,2.5,room10x10x10_rt60_0.7_mics_4_az_0_el_0,48000,10.0,10.0,10.0,0.7,,4.5,2.5,2.5,2.5,2.5,2.5,2.5,2.5,2.5,x,2.0,0.0,180,0.0,4,4,0.1,rir_room10x10x10_rt60_0.7_mics_4_az_0_el_0,180,,90,,array_avg_adj_pairs,scot,180.0,0.0,180.0,,,,,
2.35,2.5,2.5,2.45,2.5,2.5,2.55,2.5,2.5,2.65,2.5,2.5,room10x10x10_rt60_0.7_mics_4_az_0_el_0,48000,10.0,10.0,10.0,0.7,,4.5,2.5,2.5,2.5,2.5,2.5,2.5,2.5,2.5,x,2.0,0.0,180,0.0,4,4,0.1,rir_room10x10x10_rt60_0.7_mics_4_az_0_el_0,180,,90,,array_avg_adj_pairs,ml,180.0,0.0,180.0,,,,,
2.35,2.5,2.5,2.45,2.5,2.5,2.55,2.5,2.5,2.65,2.5,2.5,room10x10x10_rt60_0.7_mics_4_az_0_el_0,48000,10.0,10.0,10.0,0.7,,4.5,2.5,2.5,2.5,2.5,2.5,2.5,2.5,2.5,x,2.0,0.0,180,0.0,4,4,0.1,rir_room10x10x10_rt60_0.7_mics_4_az_0_el_0,180,,90,,array_avg_adj_pairs,roth,180.0,0.0,180.0,,,,,
2.35,2.5,2.5,2.45,2.5,2.5,2.55,2.5,2.5,2.65,2.5,2.5,room10x10x10_rt60_0.7_mics_4_az_45_el_0,48000,10.0,10.0,10.0,0.7,,3.914213562373095,3.914213562373095,2.5,2.5,2.5,2.5,2.5,2.5,2.5,x,2.0,45.0,180,0.0,4,4,0.1,rir_room10x10x10_rt60_0.7_mics_4_az_45_el_0,180,,90,,array_avg_adj_pairs,cc,51.69433048496196,45.0,6.694330484961959,,,,,
2.35,2.5,2.5,2.45,2.5,2.5,2.55,2.5,2.5,2.65,2.5,2.5,room10x10x10_rt60_0.7_mics_4_az_45_el_0,48000,10.0,10.0,10.0,0.7,,3.914213562373095,3.914213562373095,2.5,2.5,2.5,2.5,2.5,2.5,2.5,x,2.0,45.0,180,0.0,4,4,0.1,rir_room10x10x10_rt60_0.7_mics_4_az_45_el_0,180,,90,,array_avg_adj_pairs,phat,180.0,45.0,135.0,,,,,
2.35,2.5,2.5,2.45,2.5,2.5,2.55,2.5,2.5,2.65,2.5,2.5,room10x10x10_rt60_0.7_mics_4_az_45_el_0,48000,10.0,10.0,10.0,0.7,,3.914213562373095,3.914213562373095,2.5,2.5,2.5,2.5,2.5,2.5,2.5,x,2.0,45.0,180,0.0,4,4,0.1,rir_room10x10x10_rt60_0.7_mics_4_az_45_el_0,180,,90,,array_avg_adj_pairs,scot,180.0,45.0,135.0,,,,,
2.35,2.5,2.5,2.45,2.5,2.5,2.55,2.5,2.5,2.65,2.5,2.5,room10x10x10_rt60_0.7_mics_4_az_45_el_0,48000,10.0,10.0,10.0,0.7,,3.914213562373095,3.914213562373095,2.5,2.5,2.5,2.5,2.5,2.5,2.5,x,2.0,45.0,180,0.0,4,4,0.1,rir_room10x10x10_rt60_0.7_mics_4_az_45_el_0,180,,90,,array_avg_adj_pairs,ml,180.0,45.0,135.0,,,,,
2.35,2.5,2.5,2.45,2.5,2.5,2.55,2.5,2.5,2.65,2.5,2.5,room10x10x10_rt60_0.7_mics_4_az_45_el_0,48000,10.0,10.0,10.0,0.7,,3.914213562373095,3.914213562373095,2.5,2.5,2.5,2.5,2.5,2.5,2.5,x,2.0,45.0,180,0.0,4,4,0.1,rir_room10x10x10_rt60_0.7_mics_4_az_45_el_0,180,,90,,array_avg_adj_pairs,roth,180.0,45.0,135.0,,,,,
2.35,2.5,2.5,2.45,2.5,2.5,2.55,2.5,2.5,2.65,2.5,2.5,room10x10x10_rt60_0.7_mics_4_az_90_el_0,48000,10.0,10.0,10.0,0.7,,2.5,4.5,2.5,2.5,2.5,2.5,2.5,2.5,2.5,x,2.0,90.0,180,0.0,4,4,0.1,rir_room10x10x10_rt60_0.7_mics_4_az_90_el_0,180,,90,,array_avg_adj_pairs,cc,90.0,90.0,0.0,,,,,
2.35,2.5,2.5,2.45,2.5,2.5,2.55,2.5,2.5,2.65,2.5,2.5,room10x10x10_rt60_0.7_mics_4_az_90_el_0,48000,10.0,10.0,10.0,0.7,,2.5,4.5,2.5,2.5,2.5,2.5,2.5,2.5,2.5,x,2.0,90.0,180,0.0,4,4,0.1,rir_room10x10x10_rt60_0.7_mics_4_az_90_el_0,180,,90,,array_avg_adj_pairs,phat,120.0,90.0,30.0,,,,,
2.35,2.5,2.5,2.45,2.5,2.5,2.55,2.5,2.5,2.65,2.5,2.5,room10x10x10_rt60_0.7_mics_4_az_90_el_0,48000,10.0,10.0,10.0,0.7,,2.5,4.5,2.5,2.5,2.5,2.5,2.5,2.5,2.5,x,2.0,90.0,180,0.0,4,4,0.1,rir_room10x10x10_rt60_0.7_mics_4_az_90_el_0,180,,90,,array_avg_adj_pairs,scot,120.0,90.0,30.0,,,,,
2.35,2.5,2.5,2.45,2.5,2.5,2.55,2.5,2.5,2.65,2.5,2.5,room10x10x10_rt60_0.7_mics_4_az_90_el_0,48000,10.0,10.0,10.0,0.7,,2.5,4.5,2.5,2.5,2.5,2.5,2.5,2.5,2.5,x,2.0,90.0,180,0.0,4,4,0.1,rir_room10x10x10_rt60_0.7_mics_4_az_90_el_0,180,,90,,array_avg_adj_pairs,ml,120.0,90.0,30.0,,,,,
2.35,2.5,2.5,2.45,2.5,2.5,2.55,2.5,2.5,2.65,2.5,2.5,room10x10x10_rt60_0.7_mics_4_az_90_el_0,48000,10.0,10.0,10.0,0.7,,2.5,4.5,2.5,2.5,2.5,2.5,2.5,2.5,2.5,x,2.0,90.0,180,0.0,4,4,0.1,rir_room10x10x10_rt60_0.7_mics_4_az_90_el_0,180,,90,,array_avg_adj_pairs,roth,120.0,90.0,30.0,,,,,
2.35,2.5,2.5,2.45,2.5,2.5,2.55,2.5,2.5,2.65,2.5,2.5,room10x10x10_rt60_0.7_mics_4_az_135_el_0,48000,10.0,10.0,10.0,0.7,,1.085786437626905,3.914213562373095,2.5,2.5,2.5,2.5,2.5,2.5,2.5,x,2.0,135.0,180,0.0,4,4,0.1,rir_room10x10x10_rt60_0.7_mics_4_az_135_el_0,180,,90,,array_avg_adj_pairs,cc,131.88651377108758,135.0,-3.1134862289124214,,,,,
2.35,2.5,2.5,2.45,2.5,2.5,2.55,2.5,2.5,2.65,2.5,2.5,room10x10x10_rt60_0.7_mics_4_az_135_el_0,48000,10.0,10.0,10.0,0.7,,1.085786437626905,3.914213562373095,2.5,2.5,2.5,2.5,2.5,2.5,2.5,x,2.0,135.0,180,0.0,4,4,0.1,rir_room10x10x10_rt60_0.7_mics_4_az_135_el_0,180,,90,,array_avg_adj_pairs,phat,0.0,135.0,-135.0,,,,,
2.35,2.5,2.5,2.45,2.5,2.5,2.55,2.5,2.5,2.65,2.5,2.5,room10x10x10_rt60_0.7_mics_4_az_135_el_0,48000,10.0,10.0,10.0,0.7,,1.085786437626905,3.914213562373095,2.5,2.5,2.5,2.5,2.5,2.5,2.5,x,2.0,135.0,180,0.0,4,4,0.1,rir_room10x10x10_rt60_0.7_mics_4_az_135_el_0,180,,90,,array_avg_adj_pairs,scot,0.0,135.0,-135.0,,,,,
2.35,2.5,2.5,2.45,2.5,2.5,2.55,2.5,2.5,2.65,2.5,2.5,room10x10x10_rt60_0.7_mics_4_az_135_el_0,48000,10.0,10.0,10.0,0.7,,1.085786437626905,3.914213562373095,2.5,2.5,2.5,2.5,2.5,2.5,2.5,x,2.0,135.0,180,0.0,4,4,0.1,rir_room10x10x10_rt60_0.7_mics_4_az_135_el_0,180,,90,,array_avg_adj_pairs,ml,0.0,135.0,-135.0,,,,,
2.35,2.5,2.5,2.45,2.5,2.5,2.55,2.5,2.5,2.65,2.5,2.5,room10x10x10_rt60_0.7_mics_4_az_135_el_0,48000,10.0,10.0,10.0,0.7,,1.085786437626905,3.914213562373095,2.5,2.5,2.5,2.5,2.5,2.5,2.5,x,2.0,135.0,180,0.0,4,4,0.1,rir_room10x10x10_rt60_0.7_mics_4_az_135_el_0,180,,90,,array_avg_adj_pairs,roth,0.0,135.0,-135.0,,,,,
2.35,2.5,2.5,2.45,2.5,2.5,2.55,2.5,2.5,2.65,2.5,2.5,room10x10x10_rt60_0.7_mics_4_az_180_el_0,48000,10.0,10.0,10.0,0.7,,0.5,2.5000000000000004,2.5,2.5,2.5,2.5,2.5,2.5,2.5,x,2.0,180.0,180,0.0,4,4,0.1,rir_room10x10x10_rt60_0.7_mics_4_az_180_el_0,180,,90,,array_avg_adj_pairs,cc,135.41413733573316,180.0,-44.58586266426684,,,,,
2.35,2.5,2.5,2.45,2.5,2.5,2.55,2.5,2.5,2.65,2.5,2.5,room10x10x10_rt60_0.7_mics_4_az_180_el_0,48000,10.0,10.0,10.0,0.7,,0.5,2.5000000000000004,2.5,2.5,2.5,2.5,2.5,2.5,2.5,x,2.0,180.0,180,0.0,4,4,0.1,rir_room10x10x10_rt60_0.7_mics_4_az_180_el_0,180,,90,,array_avg_adj_pairs,phat,0.0,180.0,-180.0,,,,,
2.35,2.5,2.5,2.45,2.5,2.5,2.55,2.5,2.5,2.65,2.5,2.5,room10x10x10_rt60_0.7_mics_4_az_180_el_0,48000,10.0,10.0,10.0,0.7,,0.5,2.5000000000000004,2.5,2.5,2.5,2.5,2.5,2.5,2.5,x,2.0,180.0,180,0.0,4,4,0.1,rir_room10x10x10_rt60_0.7_mics_4_az_180_el_0,180,,90,,array_avg_adj_pairs,scot,0.0,180.0,-180.0,,,,,
2.35,2.5,2.5,2.45,2.5,2.5,2.55,2.5,2.5,2.65,2.5,2.5,room10x10x10_rt60_0.7_mics_4_az_180_el_0,48000,10.0,10.0,10.0,0.7,,0.5,2.5000000000000004,2.5,2.5,2.5,2.5,2.5,2.5,2.5,x,2.0,180.0,180,0.0,4,4,0.1,rir_room10x10x10_rt60_0.7_mics_4_az_180_el_0,180,,90,,array_avg_adj_pairs,ml,0.0,180.0,-180.0,,,,,
2.35,2.5,2.5,2.45,2.5,2.5,2.55,2.5,2.5,2.65,2.5,2.5,room10x10x10_rt60_0.7_mics_4_az_180_el_0,48000,10.0,10.0,10.0,0.7,,0.5,2.5000000000000004,2.5,2.5,2.5,2.5,2.5,2.5,2.5,x,2.0,180.0,180,0.0,4,4,0.1,rir_room10x10x10_rt60_0.7_mics_4_az_180_el_0,180,,90,,array_avg_adj_pairs,roth,0.0,180.0,-180.0,,,,,
